region,year,cutoff_date,composites_used,predicted_yield_c_ha,sown_area_kha,harvest_ratio,predicted_harvest_kt,lower_kt,upper_kt,shortfall_risk,lead_days
Краснодарский край,2025,2025-07-20,14,57.53,2459.6,0.994,14069.0,10733.3,17404.7,-0.007,153
Ростовская область,2025,2025-07-20,14,38.23,3551.3,0.989,13429.4,10245.4,16613.5,0.026,153
Ставропольский край,2025,2025-07-20,14,41.58,2438.5,0.99,10036.9,7657.2,12416.6,-0.202,153
Волгоградская область,2025,2025-07-20,14,31.0,2159.1,0.985,6591.2,5028.4,8153.9,-0.237,153
Воронежская область,2025,2025-07-20,14,43.97,1481.1,0.98,6383.3,4869.9,7896.8,-0.158,153
Алтайский край,2025,2025-07-20,14,23.27,2769.8,0.983,6335.4,4833.3,7837.5,-0.255,153
Саратовская область,2025,2025-07-20,14,27.93,2245.3,0.971,6091.1,4646.9,7535.2,-0.17,153
Тамбовская область,2025,2025-07-20,14,51.19,1046.0,0.988,5290.3,4036.0,6544.6,-0.204,153
Курская область,2025,2025-07-20,14,60.01,766.9,0.981,4517.3,3446.3,5588.3,0.128,153
Омская область,2025,2025-07-20,14,24.32,1881.8,0.986,4512.3,3442.4,5582.1,-0.482,153
Республика Татарстан,2025,2025-07-20,14,34.75,1292.6,0.995,4470.5,3410.6,5530.4,-0.103,153
Липецкая область,2025,2025-07-20,14,52.72,785.3,0.987,4087.2,3118.1,5056.3,-0.133,153
Орловская область,2025,2025-07-20,14,52.43,699.5,0.993,3641.7,2778.3,4505.2,0.071,153
Самарская область,2025,2025-07-20,14,30.75,1195.5,0.981,3607.1,2751.9,4462.4,-0.283,153
Пензенская область,2025,2025-07-20,14,40.75,852.7,0.991,3442.8,2626.5,4259.1,-0.179,153
Рязанская область,2025,2025-07-20,14,46.04,719.2,0.994,3289.6,2509.6,4069.5,-0.215,153
Новосибирская область,2025,2025-07-20,14,27.2,1198.6,0.971,3166.1,2415.4,3916.7,-0.135,153
Белгородская область,2025,2025-07-20,14,54.96,582.7,0.977,3128.9,2387.1,3870.8,0.088,153
Тульская область,2025,2025-07-20,14,46.84,591.5,0.983,2723.0,2077.4,3368.6,-0.115,153
Красноярский край,2025,2025-07-20,14,31.25,785.7,0.99,2430.3,1854.1,3006.5,0.032,153
Ульяновская область,2025,2025-07-20,14,33.47,627.2,0.991,2079.7,1586.6,2572.8,-0.159,153
Нижегородская область,2025,2025-07-20,14,30.9,612.1,0.994,1881.1,1435.1,2327.2,-0.14,153
Тюменская область без автономных округов,2025,2025-07-20,14,28.9,631.9,0.999,1824.5,1391.9,2257.1,-0.215,153
Республика Мордовия,2025,2025-07-20,14,36.39,494.8,0.996,1792.8,1367.7,2217.8,-0.163,153
Брянская область,2025,2025-07-20,14,58.44,292.8,0.968,1656.2,1263.5,2048.8,0.148,153
Кемеровская область,2025,2025-07-20,14,30.13,529.7,0.955,1524.7,1163.2,1886.1,-0.097,153
Кабардино-Балкарская Республика,2025,2025-07-20,14,59.33,211.3,0.995,1247.0,951.3,1542.7,0.01,153
Чувашская Республика,2025,2025-07-20,14,35.3,280.1,0.992,981.5,748.8,1214.2,-0.156,153
Республика Калмыкия,2025,2025-07-20,14,29.88,286.1,0.973,832.1,634.8,1029.4,-0.21,153
Кировская область,2025,2025-07-20,14,27.55,302.2,0.994,828.0,631.7,1024.3,-0.285,153
Иркутская область,2025,2025-07-20,14,25.58,323.2,0.989,817.5,623.7,1011.4,0.016,153
Республика Северная Осетия – Алания,2025,2025-07-20,14,59.6,137.0,0.972,793.9,605.7,982.2,-0.004,153
Удмуртская Республика,2025,2025-07-20,14,25.67,309.4,0.99,786.2,599.8,972.6,-0.189,153
Калининградская область,2025,2025-07-20,14,54.77,131.5,0.979,705.1,537.9,872.3,-0.001,153
Республика Адыгея,2025,2025-07-20,14,53.42,128.3,0.998,684.1,521.9,846.3,-0.079,153
Приморский край,2025,2025-07-20,14,50.61,149.8,0.902,684.0,521.8,846.2,-0.257,153
Московская область,2025,2025-07-20,14,38.0,171.5,0.987,643.5,490.9,796.1,-0.118,153
Чеченская Республика,2025,2025-07-20,14,31.77,187.1,0.963,572.4,436.7,708.1,-0.124,153
Амурская область,2025,2025-07-20,14,30.09,175.2,0.983,518.2,395.3,641.1,-0.008,153
Республика Дагестан,2025,2025-07-20,14,33.38,146.1,0.991,483.6,368.9,598.3,-0.038,153
Карачаево-Черкесская Республика,2025,2025-07-20,14,48.17,86.6,0.98,409.1,312.1,506.1,0.025,153
Смоленская область,2025,2025-07-20,14,28.12,148.4,0.977,407.6,310.9,504.2,-0.213,153
Республика Марий Эл,2025,2025-07-20,14,28.74,140.6,0.998,403.1,307.5,498.7,-0.318,153
Томская область,2025,2025-07-20,14,28.09,145.4,0.936,382.4,291.7,473.0,-0.013,153
Пермский край,2025,2025-07-20,14,22.15,173.2,0.951,365.1,278.5,451.6,-0.077,153
Владимирская область,2025,2025-07-20,14,32.07,92.8,0.992,295.0,225.1,365.0,-0.279,153
Калужская область,2025,2025-07-20,14,32.33,78.8,0.963,245.2,187.0,303.3,-0.013,153
Республика Хакасия,2025,2025-07-20,14,22.42,77.6,0.984,171.3,130.7,211.9,-0.122,153
Тверская область,2025,2025-07-20,14,24.58,68.5,0.993,167.2,127.5,206.8,-0.195,153
Ленинградская область,2025,2025-07-20,14,41.35,39.3,0.998,162.0,123.6,200.5,-0.039,153
Ивановская область,2025,2025-07-20,14,27.33,55.0,0.984,147.9,112.8,182.9,-0.041,153
Псковская область,2025,2025-07-20,14,36.32,34.6,0.982,123.5,94.2,152.8,0.132,153
Республика Бурятия,2025,2025-07-20,14,18.87,66.7,0.957,120.5,91.9,149.1,-0.043,153
Забайкальский край,2025,2025-07-20,14,17.08,80.9,0.85,117.5,89.6,145.4,0.178,153
Республика Ингушетия,2025,2025-07-20,14,32.27,41.1,0.827,109.7,83.7,135.7,0.02,153
Ярославская область,2025,2025-07-20,14,26.25,37.9,0.988,98.2,75.0,121.5,-0.056,153
Еврейская автономная область,2025,2025-07-20,14,29.7,13.5,0.964,38.6,29.4,47.7,-0.674,153
Новгородская область,2025,2025-07-20,14,29.79,8.8,0.954,25.1,19.1,31.0,0.1,153
Хабаровский край,2025,2025-07-20,14,23.34,7.6,0.937,16.5,12.6,20.4,-0.013,153
Республика Алтай,2025,2025-07-20,14,20.62,5.6,0.925,10.7,8.1,13.2,-0.072,153
Республика Тыва,2025,2025-07-20,14,12.76,7.4,0.813,7.7,5.9,9.5,0.484,153
Архангельская область без автономного округа,2025,2025-07-20,14,21.28,,0.927,,,,,153
Астраханская область,2025,2025-07-20,14,36.47,,0.914,,,,,153
Костромская область,2025,2025-07-20,14,22.94,,0.998,,,,,153
