year,harvest_true,harvest_pred,harvest_base,ошибка_%,horizon_k
2018,112476.3319,120066.98327324375,120066.98327324375,6.7486654703430515,1
2019,119576.7158,120688.34425973856,120688.34425973856,0.9296362191430596,1
2020,132498.4,131697.14434553214,131697.14434553214,-0.6047285510374811,1
2021,117548.73689100001,124351.187240249,124351.187240249,5.786919135980795,1
2022,127484.86680398165,104450.19778709028,104450.19778709028,-18.068551659789588,1
2023,142063.74136352964,144504.2431622586,144504.2431622586,1.7178921062510177,1
2024,123789.40193066876,144419.9965600774,144419.9965600774,16.66588117209202,1
2018,112476.3319,120369.47281934455,121359.68553061355,7.017601646506533,2
2019,119576.7158,120642.04869234511,120571.92071609406,0.890920013330132,2
2020,132498.4,131864.00488028958,131943.8975619893,-0.4787945512628178,2
2021,117548.73689100001,123779.60626920563,123512.36984114125,5.300668933587405,2
2022,127484.86680398165,105268.490731432,105448.78574989,-17.42667708686486,2
2023,142063.74136352964,144568.63431416682,144947.346503216,1.7632176420212309,2
2024,123789.40193066876,147490.58282884504,146766.30207943008,19.146373218161838,2
2018,112476.3319,120261.84359375485,121487.06757949026,6.921911092083577,3
2019,119576.7158,120061.06396307597,119775.51286645306,0.40505223766647,3
2020,132498.4,132783.82029880583,131075.9684177952,0.21541414749599586,3
2021,117548.73689100001,123610.1599156039,125220.69052445427,5.156519061727138,3
2022,127484.86680398165,105743.1095779814,105814.29478500198,-17.054382822888282,3
2023,142063.74136352964,146306.82643734018,145427.32754222173,2.9867473804964906,3
2024,123789.40193066876,149203.58912449953,148041.0483938205,20.53018012645751,3
2018,112476.3319,120159.91484463915,121204.75199783228,6.831288694114268,4
2019,119576.7158,120182.7497068686,119596.63958732817,0.5068159823708784,4
2020,132498.4,131798.90500997665,130420.78453028764,-0.5279271221564574,4
2021,117548.73689100001,123723.2189141059,126618.8295371445,5.252699592026522,4
2022,127484.86680398165,104939.98006091402,105609.60409824374,-17.684363099921676,4
2023,142063.74136352964,145881.92355214932,144818.846000511,2.687654254331706,4
2024,123789.40193066876,148997.60314952282,147936.89477671336,20.3637797951173,4
2018,112476.3319,119004.04600525551,121008.01293550721,5.803633524481522,5
2019,119576.7158,119926.58603540814,119949.28541423059,0.2925906043391491,5
2020,132498.4,131610.46130076182,130276.274664649,-0.6701505069028557,5
2021,117548.73689100001,123952.12542636224,127447.75104768503,5.447432873140889,5
2022,127484.86680398165,105396.23981798,105755.13746449022,-17.32646983109354,5
2023,142063.74136352964,145881.8581485266,144007.5215660228,2.687608216108228,5
2024,123789.40193066876,149320.10805645588,147369.54367939493,20.624306869247345,5
2018,112476.3319,117222.06859863541,120055.51756967283,4.219320294739637,6
2019,119576.7158,120562.43397122092,119953.47010424716,0.8243395586057023,6
2020,132498.4,131603.08779779688,130448.99617349711,-0.6757154820006273,6
2021,117548.73689100001,125324.99584441501,127853.03195383243,6.61534879836756,6
2022,127484.86680398165,103522.6246989329,105389.10344923507,-18.796146323698682,6
2023,142063.74136352964,145382.37598028622,143454.0180561014,2.3360180331056135,6
2024,123789.40193066876,148140.16147274227,146784.49816925346,19.67111817513405,6
2018,112476.3319,115171.04066276952,119181.2787078731,2.3958007140251647,7
2019,119576.7158,124856.55342552472,120725.85952444063,4.415439569653001,7
2020,132498.4,133077.60967771817,130818.33611191709,0.43714465813788905,7
2021,117548.73689100001,125193.73773920372,127998.66695775939,6.5036860883437075,7
2022,127484.86680398165,103597.61500448496,105078.60264824652,-18.73732341598261,7
2023,142063.74136352964,144454.12430753224,143192.29997321306,1.682612974330877,7
2024,123789.40193066876,145250.3406414163,145853.1525338579,17.33665271504199,7
2018,112476.3319,118089.19668008927,118745.87515675281,4.9902630049133645,8
2019,119576.7158,123762.70454048709,121640.29990282013,3.5006721103533422,8
2020,132498.4,134346.85027660057,131821.62645432111,1.395073658701218,8
2021,117548.73689100001,124707.47770660599,127991.40931488543,6.090019344269182,8
2022,127484.86680398165,104480.70323339614,104936.00675589907,-18.04462297941315,8
2023,142063.74136352964,142028.98223499008,142956.46772841868,-0.024467276594253295,8
2024,123789.40193066876,146436.36900103328,145611.75249687678,18.294754411244753,8
2018,112476.3319,118146.56464281007,118811.00793857318,5.041267480034239,9
2019,119576.7158,121932.57995021775,121950.05102903709,1.9701696391779988,9
2020,132498.4,135147.00852784934,132829.73633117008,1.9989739708927257,9
2021,117548.73689100001,126688.9705399308,128151.68833362721,7.77569703484462,9
2022,127484.86680398165,105222.40999619874,104999.09164413295,-17.462823130225537,9
2023,142063.74136352964,138771.07531557887,142277.65470456926,-2.3177385139569906,9
2024,123789.40193066876,143964.882665744,145627.02900130764,16.298229428699408,9
2018,112476.3319,117150.31871551913,118809.37358371775,4.155529200289587,10
2019,119576.7158,122628.95747576421,121947.62672010472,2.552538473183419,10
2020,132498.4,135114.28301518317,133495.5199859653,1.9742751725176921,10
2021,117548.73689100001,129444.41891007285,128684.05361835493,10.119787190995865,10
2022,127484.86680398165,107411.7454370524,105616.07688942198,-15.74549346142653,10
2023,142063.74136352964,137634.7044433952,141509.8377481937,-3.1176406292165004,10
2024,123789.40193066876,149403.89513745264,146020.74005386108,20.691992050442167,10
2018,112476.3319,114873.99118829795,118543.78997280171,2.1317011746343706,11
2019,119576.7158,120696.82902804998,121584.43184633987,0.9367318884417664,11
2020,132498.4,134574.21048999025,134081.9580730782,1.5666683446669882,11
2021,117548.73689100001,129387.86822302433,129073.24340362778,10.071678901154367,11
2022,127484.86680398165,110912.38929070064,106867.05166167665,-12.99956451989125,11
2023,142063.74136352964,138104.62187042704,140779.91628484434,-2.786861344846281,11
2024,123789.40193066876,149245.66250118488,146565.2191449023,20.56416799297045,11
2018,112476.3319,119045.42231454911,118761.70177907399,5.84042020537221,12
2019,119576.7158,122260.93849740419,121636.73413838581,2.2447703797900953,12
2020,132498.4,134472.20127238613,134318.27131118547,1.489679326230453,12
2021,117548.73689100001,129141.84970003927,129807.41128789948,9.86238824479182,12
2022,127484.86680398165,109494.60151236894,108019.5200545532,-14.111686934006219,12
2023,142063.74136352964,138459.1842943949,140083.09476815935,-2.537281529078539,12
2024,123789.40193066876,147787.54902682934,146972.33662458294,19.3862695205534,12
2018,112476.3319,115727.80798755644,118597.33649906293,2.8908091441382178,13
2019,119576.7158,119787.98979599432,121121.46830479633,0.17668489603583915,13
2020,132498.4,134416.02273304557,134457.0211883393,1.4472799166220573,13
2021,117548.73689100001,129761.65473693347,130538.03547364513,10.389663189029585,13
2022,127484.86680398165,109871.2250663204,109097.9668516111,-13.816260846664774,13
2023,142063.74136352964,140434.54147790515,139637.68697719456,-1.1468090801969644,13
2024,123789.40193066876,146495.2723076001,146660.2854128584,18.342337892260208,13
2018,112476.3319,119419.81606176172,119165.71187522647,6.173284676401969,14
2019,119576.7158,119323.5949710418,120673.75627404543,-0.21168069992953953,14
2020,132498.4,135207.86110233513,133978.52080521337,2.044900996793264,14
2021,117548.73689100001,129489.65725502526,130870.97300727337,10.15827194731813,14
2022,127484.86680398165,112004.85176208073,110408.04051638272,-12.14262949790167,14
2023,142063.74136352964,143362.94303473036,139754.28479081715,0.914520241921668,14
2024,123789.40193066876,146808.82113197533,146396.5225846857,18.595630031558883,14
2018,112476.3319,115721.21010947741,119759.51690062205,2.8849431295131067,15
2019,119576.7158,119124.48050431308,119950.6693487284,-0.37819678577167837,15
2020,132498.4,133717.44277212856,132965.12844524827,0.9200433908096661,15
2021,117548.73689100001,129167.44081360729,130788.61309560487,9.884158885842398,15
2022,127484.86680398165,108549.6157096825,109533.4441173291,-14.852940250087599,15
2023,142063.74136352964,140758.85261510836,140382.4704879255,-0.9185234289178501,15
2024,123789.40193066876,146284.88397896956,146196.7319251986,18.17238123575389,15
2018,112476.3319,118712.31398135403,119907.10194028864,5.544261602430534,16
2019,119576.7158,117311.64169053857,119009.29962442609,-1.89424345225363,16
2020,132498.4,131382.3244925574,132016.9249914719,-0.8423313092403961,16
2021,117548.73689100001,127206.32264318952,130062.06641135609,8.215814144514999,16
2022,127484.86680398165,108550.34046502502,109468.56844802553,-14.852371747048231,16
2023,142063.74136352964,142592.8662340169,140967.14333941927,0.37245595914108254,16
2024,123789.40193066876,145569.58404678872,145665.48203722376,17.594545071248092,16
2018,112476.3319,119201.56460999271,120466.67612661392,5.979242562757059,17
2019,119576.7158,117707.95356234224,118243.97387663076,-1.5628144870472926,17
2020,132498.4,132753.1938200444,130996.1592239745,0.19229954478272582,17
2021,117548.73689100001,127951.61822667987,129309.30816666248,8.849845273391743,17
2022,127484.86680398165,109407.28055993756,109944.29632377133,-14.180182085329275,17
2023,142063.74136352964,141892.76754950703,141159.33027274712,-0.12035007130011266,17
2024,123789.40193066876,144755.6543382762,145481.36416296518,16.93703344600541,17
2018,112476.3319,117541.30600609966,120780.7495835468,4.5031465914116,18
2019,119576.7158,117724.77562490974,118122.09973323483,-1.548746478526597,18
2020,132498.4,132510.84421159344,130364.43799092753,0.009391971218852824,18
2021,117548.73689100001,127932.15687086823,128704.94688428927,8.833289284508862,18
2022,127484.86680398165,109728.97909974774,110186.89457585155,-13.927839554113541,18
2023,142063.74136352964,141114.32993962176,141017.0138835826,-0.6682996060749957,18
2024,123789.40193066876,144573.41605665963,145380.04865935596,16.789817061747712,18
2018,112476.3319,117899.92923137762,120804.96324853208,4.82198987089979,19
2019,119576.7158,117810.56097123401,117941.5999635027,-1.4770056335382309,19
2020,132498.4,131776.87354502393,129914.15762677595,-0.5445548436630587,19
2021,117548.73689100001,130742.70247376838,128397.55250504032,11.224251260992112,19
2022,127484.86680398165,109745.05552698666,109819.45794361075,-13.915229094815928,19
2023,142063.74136352964,140177.069755524,141081.33336601174,-1.3280458404779094,19
2024,123789.40193066876,145567.0094225356,145282.57463447185,17.592465229021713,19
2018,112476.3319,117951.22677281863,120941.23751592984,4.867597280542735,20
2019,119576.7158,118654.83076551993,118054.09075686484,-0.7709569779638215,20
2020,132498.4,131567.83069830568,129694.54390041738,-0.7023249350137872,20
2021,117548.73689100001,126255.5780084578,128394.43616451413,7.407005253941112,20
2022,127484.86680398165,110111.21226435369,109000.35197483233,-13.628013249871751,20
2023,142063.74136352964,138929.743259621,141239.5719591171,-2.2060506599562157,20
2024,123789.40193066876,144854.57072733136,145427.5914564395,17.01694043926367,20
2018,112476.3319,118117.20530417748,121390.82288735098,5.015164798575267,21
2019,119576.7158,119913.15927746729,118397.79062654357,0.2813620320782251,21
2020,132498.4,131662.61749772276,129517.90576194569,-0.6307868640506031,21
2021,117548.73689100001,126795.40934821953,128328.56167266656,7.866245696705132,21
2022,127484.86680398165,108999.47202606818,108438.50346527992,-14.500069883852385,21
2023,142063.74136352964,138105.61879302037,141566.18424935063,-2.7861596016824253,21
2024,123789.40193066876,145144.5238734213,145727.83833960452,17.25117143284447,21
2018,112476.3319,118055.52981354138,121823.59873462838,4.960330604043617,22
2019,119576.7158,120527.53636985243,118741.37805670626,0.7951552804333017,22
2020,132498.4,131839.15987860982,129520.89123084939,-0.4975457223560298,22
2021,117548.73689100001,126911.5748377847,127892.54833598941,7.9650689530306185,22
2022,127484.86680398165,108737.07763538246,107756.90142477142,-14.705893835560458,22
2023,142063.74136352964,138787.85328705056,142244.22283746602,-2.3059283424729404,22
2024,123789.40193066876,146564.60973854482,145825.2228180273,18.398350305167387,22
2018,112476.3319,118047.51162277898,122174.89024953563,4.953201823590914,23
2019,119576.7158,120606.09962213447,119036.86678951522,0.8608564094168436,23
2020,132498.4,131841.95781584195,129537.57140718291,-0.49543404611530617,23
2021,117548.73689100001,126108.89606508058,127653.60086013802,7.282221315587756,23
2022,127484.86680398165,107248.2396462697,107058.68668599935,-15.873748520149778,23
2023,142063.74136352964,137720.73760881924,142549.3478770818,-3.0570810771462065,23
2024,123789.40193066876,145089.2723100205,145877.84479264222,17.206537916130536,23
